<?xml version="1.0" encoding="UTF-8"?>

<CodeSystem xmlns="http://hl7.org/fhir">
  <id value="CSNombreCampana"/>
  <text>
    <status value="generated"/><div xmlns="http://www.w3.org/1999/xhtml">Placeholder</div>
  </text>
  <url value="https://hl7chile.cl/fhir/ig/clcore/CodeSystem/CSNombreCampana"/>
  <version value="1.8.4"/>
  <name value="CSNombreCampanaCL"/>
  <title value="Campañas Inmunización"/>
  <status value="active"/>
  <experimental value="false"/>
  <date value="2022-06-05T00:00:00-03:00"/>
  <publisher value="HL7 Chile"/>
  <contact>
    <name value="HL7 Chile"/>
    <telecom>
      <system value="url"/>
      <value value="http://hl7chile.cl"/>
    </telecom>
    <telecom>
      <system value="email"/>
      <value value="chair@hl7chile.cl"/>
    </telecom>
  </contact>
  <description value="Códigos de las campañas de vacunas o inmunizaciones según indicaciones del Ministerio de Salud"/>
  <jurisdiction>
    <coding>
      <system value="urn:iso:std:iso:3166"/>
      <code value="CL"/>
      <display value="Chile"/>
    </coding>
  </jurisdiction>
  <copyright value="Usado con el permiso de HL7 International, todos los derechos resevados en los Licencias de HL7 Internacional."/>
  <caseSensitive value="true"/>
  <content value="complete"/>
  <count value="36"/>
  <concept>
    <code value="campanSARSCov_2_AstraZ"/>
    <display value="Campaña SARS-CoV-2 (AstraZeneca)"/>
  </concept>
  <concept>
    <code value="campanSARSCov_2_Cansino"/>
    <display value="Campaña SARS-CoV-2 (CanSino)"/>
  </concept>
  <concept>
    <code value="campanSARSCov_2_Intern"/>
    <display value="Campaña SARS-CoV-2 (Internacional)"/>
  </concept>
  <concept>
    <code value="campanSARSCov_2_Janssen"/>
    <display value="Campaña SARS-CoV-2 (Janssen)"/>
  </concept>
  <concept>
    <code value="campanSARSCov_2_Moderna"/>
    <display value="Campaña SARS-CoV-2 (Moderna)"/>
  </concept>
  <concept>
    <code value="campanSARSCov_2_Pfizer"/>
    <display value="Campaña SARS-CoV-2 (Pfizer)"/>
  </concept>
  <concept>
    <code value="campanSARSCov_2_Sinovac"/>
    <display value="Campaña SARS-CoV-2 (Sinovac)"/>
  </concept>
  <concept>
    <code value="campanSRP20_40"/>
    <display value="Campaña SRP 20 - 24 años"/>
  </concept>
  <concept>
    <code value="estratCapullo"/>
    <display value="Estrategia Capullo"/>
  </concept>
  <concept>
    <code value="estratCapullo2013"/>
    <display value="Estrategia Capullo 2013"/>
  </concept>
  <concept>
    <code value="estratMeningocócica"/>
    <display value="Estrategia Meningocócica"/>
  </concept>
  <concept>
    <code value="hepatiA"/>
    <display value="Hepatitis A"/>
  </concept>
  <concept>
    <code value="hepatiA2012"/>
    <display value="Hepatitis A 2012"/>
  </concept>
  <concept>
    <code value="hepatiApost_Terr"/>
    <display value="Hepatitis A post-terremoto"/>
  </concept>
  <concept>
    <code value="hepatiAar_Tar_Bio"/>
    <display value="Hepatitis A, Arica-Tarapacá-Bíobío"/>
  </concept>
  <concept>
    <code value="hepatiABrote_Conting"/>
    <display value="Hepatitis A,Brote/Contingencia"/>
  </concept>
  <concept>
    <code value="influenza2010"/>
    <display value="Influenza 2010"/>
  </concept>
  <concept>
    <code value="influenza2011"/>
    <display value="Influenza 2011"/>
  </concept>
  <concept>
    <code value="influenza2012"/>
    <display value="Influenza 2012"/>
  </concept>
  <concept>
    <code value="influenza2013"/>
    <display value="Influenza 2013"/>
  </concept>
  <concept>
    <code value="influenza2014"/>
    <display value="Influenza 2014"/>
  </concept>
  <concept>
    <code value="influenza2015"/>
    <display value="Influenza 2015"/>
  </concept>
  <concept>
    <code value="influenza2016"/>
    <display value="Influenza 2016"/>
  </concept>
  <concept>
    <code value="influenza2017"/>
    <display value="Influenza 2017"/>
  </concept>
  <concept>
    <code value="influenza2018"/>
    <display value="Influenza 2018"/>
  </concept>
  <concept>
    <code value="influenza2019"/>
    <display value="Influenza 2019"/>
  </concept>
  <concept>
    <code value="influenza2020"/>
    <display value="Influenza 2020"/>
  </concept>
  <concept>
    <code value="influenza2021"/>
    <display value="Influenza 2021"/>
  </concept>
  <concept>
    <code value="influenza2022"/>
    <display value="Influenza 2022"/>
  </concept>
  <concept>
    <code value="sarampRubeoPaperas"/>
    <display value="Sarampión-Rubeóla-Paperas"/>
  </concept>
  <concept>
    <code value="SRPCampanSeguim2015"/>
    <display value="SRP - Campaña de Seguimiento - 2015"/>
  </concept>
  <concept>
    <code value="SRPFuncSaludyPuestosFronteriz"/>
    <display value="SRP - Funcionarios de salud y Puestos Fronterizos"/>
  </concept>
  <concept>
    <code value="SRPCampanSeguim2020"/>
    <display value="SRP- Campaña de seguimiento- 2020"/>
  </concept>
  <concept>
    <code value="SRPdelViajero"/>
    <display value="SRP del viajero"/>
  </concept>
  <concept>
    <code value="tosConvul_brote_conting"/>
    <display value="Tos Convulsiva Brote-Contingencia"/>
  </concept>
  <concept>
    <code value="vacunaFiebAmar"/>
    <display value="Vacuna Fiebre Amarilla"/>
  </concept>
</CodeSystem>