<?xml version="1.0" encoding="UTF-8"?>

<ValueSet xmlns="http://hl7.org/fhir">
  <id value="VSTiposVacunas"/>
  <text>
    <status value="generated"/><div xmlns="http://www.w3.org/1999/xhtml">Placeholder</div>
  </text>
  <url value="https://hl7chile.cl/fhir/ig/clcore/ValueSet/VSTiposVacunas"/>
  <version value="1.8.4"/>
  <name value="VSTiposVacunasCL"/>
  <title value="Tipos de Vacunas RNI"/>
  <status value="active"/>
  <experimental value="false"/>
  <date value="2022-06-05T00:00:00-03:00"/>
  <publisher value="HL7 Chile"/>
  <contact>
    <name value="HL7 Chile"/>
    <telecom>
      <system value="url"/>
      <value value="http://hl7chile.cl"/>
    </telecom>
    <telecom>
      <system value="email"/>
      <value value="chair@hl7chile.cl"/>
    </telecom>
  </contact>
  <description value="Tipos de Vacunas utilizadas en Chile según CodeSystem local"/>
  <jurisdiction>
    <coding>
      <system value="urn:iso:std:iso:3166"/>
      <code value="CL"/>
      <display value="Chile"/>
    </coding>
  </jurisdiction>
  <copyright value="Usado con el permiso de HL7 International, todos los derechos resevados en los Licencias de HL7 Internacional."/>
  <compose>
    <include>
      <system value="https://hl7chile.cl/fhir/ig/clcore/CodeSystem/CSCodigoVacunas"/>
    </include>
  </compose>
</ValueSet>