{"resourceType":"ValueSet","id":"VSOcupacionesDet","text":{"status":"generated","div":"<div xmlns=\"http://www.w3.org/1999/xhtml\"><ul><li>Include all codes defined in <a href=\"CodeSystem-CSOcupacionesDet.html\"><code>http://minsal.cl/fhir/ig/mpi/CodeSystem/CSOcupacionesDet</code></a></li></ul></div>"},"url":"http://minsal.cl/fhir/ig/mpi/ValueSet/VSOcupacionesDet","version":"0.1.2","name":"VSOcupacionesDet","title":"Ocupaciones Detalladas","status":"active","experimental":true,"date":"2022-01-18T00:00:00-03:00","publisher":"MINSAL","contact":[{"name":"MINSAL","telecom":[{"system":"url","value":"http://minsal.cl"}]}],"description":"Código asociados a el detalle de las ocupaciones de un paciente","jurisdiction":[{"coding":[{"system":"urn:iso:std:iso:3166","code":"CL","display":"Chile"}]}],"compose":{"include":[{"system":"http://minsal.cl/fhir/ig/mpi/CodeSystem/CSOcupacionesDet"}]}}