{"resourceType":"ValueSet","id":"VSTipoIdentificador","text":{"status":"generated","div":"<div xmlns=\"http://www.w3.org/1999/xhtml\"><ul><li>Include all codes defined in <a href=\"CodeSystem-CSTipoIdentificador.html\"><code>http://minsal.cl/fhir/ig/mpi/CodeSystem/CSTipoIdentificador</code></a></li></ul></div>"},"url":"http://minsal.cl/fhir/ig/mpi/ValueSet/VSTipoIdentificador","version":"0.1.1","name":"VSTipoIdentificador","title":"Tipo Identificador","status":"active","experimental":false,"date":"2023-07-03T00:00:00-03:00","publisher":"MINSAL","contact":[{"name":"MINSAL","telecom":[{"system":"url","value":"http://minsal.cl"}]}],"description":"Tipo Identificador","jurisdiction":[{"coding":[{"system":"urn:iso:std:iso:3166","code":"CL","display":"Chile"}]}],"compose":{"include":[{"system":"http://minsal.cl/fhir/ig/mpi/CodeSystem/CSTipoIdentificador"}]}}