<?xml version="1.0" encoding="UTF-8"?>

<ValueSet xmlns="http://hl7.org/fhir">
  <id value="VSNivelEducacionalDesc"/>
  <text>
    <status value="generated"/><div xmlns="http://www.w3.org/1999/xhtml"><ul><li>Include all codes defined in <a href="CodeSystem-CSNivelEducacionalDesc.html"><code>http://minsal.cl/fhir/ig/mpi/CodeSystem/CSNivelEducacionalDesc</code></a></li></ul></div>
  </text>
  <url value="http://minsal.cl/fhir/ig/mpi/ValueSet/VSNivelEducacionalDesc"/>
  <version value="0.1.3"/>
  <name value="VSNivelEducacionalDesc"/>
  <title value="NivelEducacionalDesc"/>
  <status value="active"/>
  <experimental value="false"/>
  <date value="2023-01-15"/>
  <publisher value="MINSAL"/>
  <contact>
    <name value="MINSAL"/>
    <telecom>
      <system value="url"/>
      <value value="http://minsal.cl"/>
    </telecom>
  </contact>
  <description value="NivelEducacionalDesc"/>
  <jurisdiction>
    <coding>
      <system value="urn:iso:std:iso:3166"/>
      <code value="CL"/>
      <display value="Chile"/>
    </coding>
  </jurisdiction>
  <compose>
    <include>
      <system value="http://minsal.cl/fhir/ig/mpi/CodeSystem/CSNivelEducacionalDesc"/>
    </include>
  </compose>
</ValueSet>