<?xml version="1.0" encoding="UTF-8"?><CodeSystem xmlns="http://hl7.org/fhir"><id value="CSOrigenDiscapacidad"/><text><status value="generated"/><div xmlns="http://www.w3.org/1999/xhtml"><p>This case-sensitive code system <code>http://minsal.cl/fhir/ig/mpi/CodeSystem/CSOrigenDiscapacidad</code> defines the following codes:</p><table class="codes"><tr><td style="white-space:nowrap"><b>Code</b></td><td><b>Display</b></td></tr><tr><td style="white-space:nowrap">01<a name="CSOrigenDiscapacidad-01"> </a></td><td>Origen Físico</td></tr><tr><td style="white-space:nowrap">02<a name="CSOrigenDiscapacidad-02"> </a></td><td>Origen sensorial visual</td></tr><tr><td style="white-space:nowrap">04<a name="CSOrigenDiscapacidad-04"> </a></td><td>Origen sensorial auditivo</td></tr><tr><td style="white-space:nowrap">05<a name="CSOrigenDiscapacidad-05"> </a></td><td>Origen mental síquico</td></tr><tr><td style="white-space:nowrap">06<a name="CSOrigenDiscapacidad-06"> </a></td><td>Origen mental intelectual</td></tr><tr><td style="white-space:nowrap">07<a name="CSOrigenDiscapacidad-07"> </a></td><td>Origen múltiple</td></tr></table></div></text><url value="http://minsal.cl/fhir/ig/mpi/CodeSystem/CSOrigenDiscapacidad"/><version value="0.1.3"/><name value="CSOrigenDiscapacidad"/><title value="OrigenDiscapacidad"/><status value="active"/><experimental value="false"/><date value="2023-01-15"/><publisher value="MINSAL"/><contact><name value="MINSAL"/><telecom><system value="url"/><value value="http://minsal.cl"/></telecom></contact><description value="OrigenDiscapacidad"/><jurisdiction><coding><system value="urn:iso:std:iso:3166"/><code value="CL"/><display value="Chile"/></coding></jurisdiction><caseSensitive value="true"/><content value="complete"/><count value="6"/><concept><code value="01"/><display value="Origen Físico"/></concept><concept><code value="02"/><display value="Origen sensorial visual"/></concept><concept><code value="04"/><display value="Origen sensorial auditivo"/></concept><concept><code value="05"/><display value="Origen mental síquico"/></concept><concept><code value="06"/><display value="Origen mental intelectual"/></concept><concept><code value="07"/><display value="Origen múltiple"/></concept></CodeSystem>