<?xml version="1.0" encoding="UTF-8"?><ValueSet xmlns="http://hl7.org/fhir"><id value="PueblosOriginariosVS"/><text><status value="generated"/><div xmlns="http://www.w3.org/1999/xhtml"><ul><li>Include all codes defined in <a href="CodeSystem-PueblosOriginariosCS.html"><code>http://minsal.cl/fhir/ig/mpi/CodeSystem/PueblosOriginariosCS</code></a></li></ul></div></text><url value="http://minsal.cl/fhir/ig/mpi/ValueSet/PueblosOriginariosVS"/><version value="0.1.0"/><name value="PueblosOriginariosVS"/><title value="Pueblos Originarios de Chile"/><status value="draft"/><experimental value="true"/><date value="2023-07-04T10:12:16-04:00"/><publisher value="MINSAL"/><contact><name value="MINSAL"/><telecom><system value="url"/><value value="http://minsal.cl"/></telecom></contact><description value="Pueblos Originarios de Chile"/><compose><include><system value="http://minsal.cl/fhir/ig/mpi/CodeSystem/PueblosOriginariosCS"/></include></compose></ValueSet>