<?xml version="1.0" encoding="UTF-8"?>

<CodeSystem xmlns="http://hl7.org/fhir">
  <id value="CSPrevision"/>
  <text>
    <status value="generated"/><div xmlns="http://www.w3.org/1999/xhtml"><p>This case-sensitive code system <code>http://minsal.cl/fhir/ig/mpi/CodeSystem/CSPrevision</code> defines the following codes:</p><table class="codes"><tr><td style="white-space:nowrap"><b>Code</b></td><td><b>Display</b></td></tr><tr><td style="white-space:nowrap">01<a name="CSPrevision-01"> </a></td><td>FONASA</td></tr><tr><td style="white-space:nowrap">02<a name="CSPrevision-02"> </a></td><td>Isapre</td></tr><tr><td style="white-space:nowrap">03<a name="CSPrevision-03"> </a></td><td>Capredena</td></tr><tr><td style="white-space:nowrap">04<a name="CSPrevision-04"> </a></td><td>Otro</td></tr></table></div>
  </text>
  <url value="http://minsal.cl/fhir/ig/mpi/CodeSystem/CSPrevision"/>
  <version value="0.1.3"/>
  <name value="CSPrevision"/>
  <title value="Prevision"/>
  <status value="active"/>
  <experimental value="false"/>
  <date value="2023-01-15"/>
  <publisher value="MINSAL"/>
  <contact>
    <name value="MINSAL"/>
    <telecom>
      <system value="url"/>
      <value value="http://minsal.cl"/>
    </telecom>
  </contact>
  <description value="Prevision"/>
  <jurisdiction>
    <coding>
      <system value="urn:iso:std:iso:3166"/>
      <code value="CL"/>
      <display value="Chile"/>
    </coding>
  </jurisdiction>
  <caseSensitive value="true"/>
  <content value="complete"/>
  <count value="4"/>
  <concept>
    <code value="01"/>
    <display value="FONASA"/>
  </concept>
  <concept>
    <code value="02"/>
    <display value="Isapre"/>
  </concept>
  <concept>
    <code value="03"/>
    <display value="Capredena"/>
  </concept>
  <concept>
    <code value="04"/>
    <display value="Otro"/>
  </concept>
</CodeSystem>