{
  "resourceType" : "CodeSystem",
  "id" : "CScalificacionPrevisional",
  "text" : {
    "status" : "generated",
    "div" : "<div xmlns=\"http://www.w3.org/1999/xhtml\"><p>This code system <code>http://minsal.cl/fhir/ig/mpi/CodeSystem/CScalificacionPrevisional</code> defines the following codes:</p><table class=\"codes\"><tr><td style=\"white-space:nowrap\"><b>Code</b></td><td><b>Display</b></td></tr><tr><td style=\"white-space:nowrap\">01<a name=\"CScalificacionPrevisional-01\"> </a></td><td>PRAIS</td></tr><tr><td style=\"white-space:nowrap\">02<a name=\"CScalificacionPrevisional-02\"> </a></td><td>Antuco</td></tr><tr><td style=\"white-space:nowrap\">03<a name=\"CScalificacionPrevisional-03\"> </a></td><td>Prilonco</td></tr><tr><td style=\"white-space:nowrap\">04<a name=\"CScalificacionPrevisional-04\"> </a></td><td>Dirigente Vacinal</td></tr></table></div>"
  },
  "url" : "http://minsal.cl/fhir/ig/mpi/CodeSystem/CScalificacionPrevisional",
  "version" : "0.1.2",
  "name" : "CScalificacionPrevisional",
  "title" : "calificacionPrevisional",
  "status" : "active",
  "experimental" : false,
  "date" : "2023-01-15",
  "publisher" : "MINSAL",
  "contact" : [{
    "name" : "MINSAL",
    "telecom" : [{
      "system" : "url",
      "value" : "http://minsal.cl"
    }]
  }],
  "description" : "calificacionPrevisional",
  "jurisdiction" : [{
    "coding" : [{
      "system" : "urn:iso:std:iso:3166",
      "code" : "CL",
      "display" : "Chile"
    }]
  }],
  "caseSensitive" : true,
  "content" : "complete",
  "count" : 4,
  "concept" : [{
    "code" : "01",
    "display" : "PRAIS"
  },
  {
    "code" : "02",
    "display" : "Antuco"
  },
  {
    "code" : "03",
    "display" : "Prilonco"
  },
  {
    "code" : "04",
    "display" : "Dirigente Vacinal"
  }]
}