{
  "resourceType" : "CodeSystem",
  "id" : "CSValoracionDesempeno",
  "text" : {
    "status" : "generated",
    "div" : "<div xmlns=\"http://www.w3.org/1999/xhtml\"><p>This code system <code>http://minsal.cl/fhir/ig/mpi/CodeSystem/CSValoracionDesempeno</code> defines the following codes:</p><table class=\"codes\"><tr><td style=\"white-space:nowrap\"><b>Code</b></td><td><b>Display</b></td></tr><tr><td style=\"white-space:nowrap\">01<a name=\"CSValoracionDesempeno-01\"> </a></td><td>Sin discapacidad</td></tr><tr><td style=\"white-space:nowrap\">02<a name=\"CSValoracionDesempeno-02\"> </a></td><td>Discapacidad leve</td></tr><tr><td style=\"white-space:nowrap\">03<a name=\"CSValoracionDesempeno-03\"> </a></td><td>Discapacidad moderada</td></tr><tr><td style=\"white-space:nowrap\">04<a name=\"CSValoracionDesempeno-04\"> </a></td><td>Discapacidad severa</td></tr><tr><td style=\"white-space:nowrap\">05<a name=\"CSValoracionDesempeno-05\"> </a></td><td>Discapacidad profunda</td></tr></table></div>"
  },
  "url" : "http://minsal.cl/fhir/ig/mpi/CodeSystem/CSValoracionDesempeno",
  "version" : "0.1.2",
  "name" : "CSValoracionDesempeno",
  "title" : "Valoracion Desempeno",
  "status" : "active",
  "experimental" : false,
  "date" : "2023-01-15",
  "publisher" : "MINSAL",
  "contact" : [{
    "name" : "MINSAL",
    "telecom" : [{
      "system" : "url",
      "value" : "http://minsal.cl"
    }]
  }],
  "description" : "Valoracion Desempeno",
  "jurisdiction" : [{
    "coding" : [{
      "system" : "urn:iso:std:iso:3166",
      "code" : "CL",
      "display" : "Chile"
    }]
  }],
  "caseSensitive" : true,
  "content" : "complete",
  "count" : 5,
  "concept" : [{
    "code" : "01",
    "display" : "Sin discapacidad"
  },
  {
    "code" : "02",
    "display" : "Discapacidad leve"
  },
  {
    "code" : "03",
    "display" : "Discapacidad moderada"
  },
  {
    "code" : "04",
    "display" : "Discapacidad severa"
  },
  {
    "code" : "05",
    "display" : "Discapacidad profunda"
  }]
}