{
  "resourceType" : "ValueSet",
  "id" : "PueblosOriginariosVS",
  "text" : {
    "status" : "generated",
    "div" : "<div xmlns=\"http://www.w3.org/1999/xhtml\"><ul><li>Include all codes defined in <a href=\"CodeSystem-PueblosOriginariosCS.html\"><code>http://minsal.cl/fhir/ig/mpi/CodeSystem/PueblosOriginariosCS</code></a></li></ul></div>"
  },
  "url" : "http://minsal.cl/fhir/ig/mpi/ValueSet/PueblosOriginariosVS",
  "version" : "0.1.0",
  "name" : "PueblosOriginariosVS",
  "title" : "Pueblos Originarios de Chile",
  "status" : "draft",
  "experimental" : true,
  "date" : "2023-07-19T17:59:07-04:00",
  "publisher" : "MINSAL",
  "contact" : [{
    "name" : "MINSAL",
    "telecom" : [{
      "system" : "url",
      "value" : "http://minsal.cl"
    }]
  }],
  "description" : "Pueblos Originarios de Chile",
  "compose" : {
    "include" : [{
      "system" : "http://minsal.cl/fhir/ig/mpi/CodeSystem/PueblosOriginariosCS"
    }]
  }
}